{"accuracy": [0.6027455925941467, 0.863020122051239, 0.9160680174827576, 0.9419589042663574, 0.9563411474227905, 0.9668397307395935, 0.9721317291259766, 0.9780781269073486, 0.9807952046394348, 0.9825734496116638], "loss": [1.3410378694534302, 0.4308027923107147, 0.26172882318496704, 0.17482322454452515, 0.13048385083675385, 0.0990072637796402, 0.0852174386382103, 0.06723513454198837, 0.059387240558862686, 0.05360846966505051], "val_accuracy": [0.8471431732177734, 0.9079216718673706, 0.9214659929275513, 0.9449123740196228, 0.9444001913070679, 0.9663100242614746, 0.9470179677009583, 0.9619849920272827, 0.9562371969223022, 0.9739357829093933], "val_loss": [0.49756476283073425, 0.2799081802368164, 0.24426297843456268, 0.16889351606369019, 0.17502306401729584, 0.11112751811742783, 0.17920386791229248, 0.12131300568580627, 0.15135963261127472, 0.09040967375040054]}